criterion	requirement
source	A.71 source, nine selected witnesses, default replies, and no-capsule replies reproduce exactly
factorial	all 32 pull x BE x ASK x meaning-resonance x diary configurations occur exactly once
observer	branch fixture reloads state after every turn and measures only the first visible reply line
geometry	School outcome and candidate stay stable within every case and arm; no branch names Flom
closure	f00000 visible replies are byte-identical to no-capsule over every case, surface, and turn
single-ablation	report the five one-channel deletions against both father-person and father-man contrasts
marginal	report paired descriptive effects for each channel across all 16 opposite-factor contexts and nine selected states
inference	selected-state effects localize the A.70 event only; they are not a new population holdout
body	default-on execution is unchanged; no weight, threshold, sampler, schema, or learned field is altered
